FIPS,Name of Area,Qualifying Name,Nation,State,County,Census Tract,Block Group,City,Metropolitan Statistical Area/Micropolitan Statistical Area,ZIP Code,Population Density,Population,Households,"Household, Average Size",Total Population,Family Population,Non-Family Population,Families,"Families, Married",Other Families,"Other Families, Male Householder, No Wife Present","Other Families, Female Householder, No Husband Present","Families, Married with Children Under 18","Families, Married with No Children Under 18","Other Families, Male Householder, No Wife Present with Children Under 18","Other Families, Male Householder, No Wife Present with No Children Under 18","Other Families, Female Householder, No Husband Present with Children Under 18","Other Families, Female Householder, No Husband Present with No Children Under 18",Total Number of Households,Non-Family Households,"Non-Family Households, Male Householder with People Under 18","Non-Family Households, Male Householder with No People Under 18","Non-Family Households, Female Householder with People Under 18","Non-Family Households, Female Householder with No People Under 18",Total Population,"Population, Urban","Population, Rural",Total Population,"Population, Male","Population, Female",Total Population,"White Population, Alone","Black Population, Alone","Asian Population, Alone","American Indian and Alaska Native Population, Alone","Other Race Population, Alone",Two or More Races Population,Total Population,Hispanic Population,White Non-Hispanic Population,Total Number of Households,White Households,Black Households,Asian Households,American Indian and Alaska Native Households,Other Race Households,Two or More Races Households,Total Number of Households,Hispanic Households,White Non-Hispanic Households,"Population, Median Age",Total Population,Population Aged 0 to 5 Years,Population Aged 6 to 11 Years,Population Aged 12 to17 Years,Population Aged 18 to 24 Years,Population Aged 25 to 34 Years,Population Aged 35 to 44 Years,Population Aged 45 to 54 Years,Population Aged 55 to 64 Years,Population Aged 65 to 74 Years,Population Aged 75 to 84 Years,Population Aged 85 Years and Older,Total Population,"Population, Citizenship - Native","Population, Citizenship - Foreign Born - Naturalized","Population, Citizenship - Foreign Born - Not a Citizen","Employment, Travel Time 30-59 Min (Empl 16+)","Employment, Travel Time 60-89 Min (Empl 16+)","Employment, Travel Time 90+ Min (Empl 16+)","Households, Median Size",Total Number of Households,"Households, 1 Person","Households, 2 Person","Households, 3 Person","Households, 4 Person","Households, 5 Person","Households, 6 Person","Households, 7 or More Person","Housing, Units","Housing, Occupied Units","Housing, Vacant Units","Housing, Vacant Units For Rent","Housing, Vacant Units Rented, Not Occupied","Housing, Vacant Units For Sale","Housing, Vacant Units Sold, Not Occupied","Housing, Vacant Units Seasonal","Housing, Vacant Units For Migrant Workers","Housing, Vacant Units Vacant Other","Housing, Units","Housing, Rent less than $250","Housing, Rent $250-$499","Housing, Rent $500-$749","Housing, Rent $750-$999","Housing, Rent $1,000-$1,249","Housing, No Cash Rent","Housing, Owner Occupied","Housing, Owner Households, With Mortgage Any","Housing, Owner Households, With No Mortgage","Households, Median Vehicles","Personal Income, Total [Dollars adjusted for inflation to match value in 2025]","Household Income, Total [Dollars adjusted for inflation to match value in 2025]","Household Income, Median [Dollars adjusted for inflation to match value in 2025]","Household Income, Average [Dollars adjusted for inflation to match value in 2025]","Personal Income, Per Capita [Dollars adjusted for inflation to match value in 2025]","Education, Enrolled School (Pop 3+)","Education, Enrolled Public School (Pop 3+)","Education, Enrolled Public Preprimary (Pop 3+)","Education, Enrolled Public Kindergarten (Pop 3+)","Education, Enrolled Public Grades 1-4 (Pop 3+)","Education, Enrolled Public Grades 5-8 (Pop 3+)","Education, Enrolled Public Grades 9-12 (Pop 3+)","Education, Enrolled Public Undergraduate College (Pop 3+)","Education, Enrolled Public Graduate or Professional School (Pop 3+)","Education, Enrolled Private School (Pop 3+)","Education, Enrolled Private Preprimary (Pop 3+)","Education, Enrolled Private Kindergarten (Pop 3+)","Education, Enrolled Private Grades 1-4 (Pop 3+)","Education, Enrolled Private Grades 5-8 (Pop 3+)","Education, Enrolled Private Grades 9-12 (Pop 3+)","Education, Enrolled Private Undergraduate College (Pop 3+)","Education, Enrolled Private Graduate or Professional School (Pop 3+)","Education, Not Enrolled in School (Pop 3+)","Education Attainment, < High School (Pop 25+)","Education Attainment, High School (Pop 25+)","Education Attainment, Some College (Pop 25+)","Education Attainment, Associate's Degree (Pop 25+)","Education Attainment, Bachelor's Degree (Pop 25+)","Education Attainment, Master's Degree (Pop 25+)","Education Attainment, Professional Degree (Pop 25+)","Education Attainment, Doctorate Degree (Pop 25+)","Families, Aged Under 25 Years","Families, Aged 25 to 34 Years","Families, Aged 35 to 44 Years","Families, Aged 45 to 54 Years","Families, Aged 55 to 64 Years","Families, Aged 65 to 74 Years","Families, Aged 75 Years and Over",White Median Age,Black Median Age,Asian Median Age,American Indian and Alaska Native Median Age,Other Race Median Age,"Population in Poverty, Total"
Geo_FIPS,Geo_NAME,Geo_QNAME,Geo_NATION,Geo_STATE,Geo_COUNTY,Geo_CT,Geo_BG,Geo_CITY,Geo_MSAMSA,Geo_ZC,ORG_DENSITY,ORG_TOT_POP,ORG_TOT_HH,ORG_AVGHHSIZE,ORG_TOT_POP0,ORG_POPFAM,ORG_POPNFAM,ORG_FAMILIES,ORG_FAMMAR,ORG_FAMOTH,ORG_FAMOTM,ORG_FAMOTF,ORG_FAMMAR18,ORG_FAMMARNOC,ORG_FAMOTM18,ORG_FAMOTMNOC,ORG_FAMOTF18,ORG_FAMOTFNOC,ORG_HOUSEHOLDS1,ORG_NONFAMHH,ORG_NONFAMHHMC,ORG_NONFAMHHMN,ORG_NONFAMHHFC,ORG_NONFAMHHFN,ORG_TOT_POP1,ORG_URBANPOP,ORG_RURALPOP,ORG_TOT_POP2,ORG_MALEPOP,ORG_FEMALEPOP,ORG_TOT_POP3,ORG_WHPOPA,ORG_BLPOPA,ORG_ASPOPA,ORG_AMPOPA,ORG_ORPOPA,ORG_TMPOP,ORG_TOT_POP4,ORG_HISPPOP,ORG_WHNHISPOP,ORG_HOUSEHOLDS2,ORG_WHHH,ORG_BLHH,ORG_ASHH,ORG_AMHH,ORG_ORHH,ORG_TMHH,ORG_HOUSEHOLDS3,ORG_HISPHH,ORG_WHNHISHH,ORG_MEDAGE,ORG_TOT_POP5,ORG_POP_0_5,ORG_POP_6_11,ORG_POP_12_17,ORG_POP_18_24,ORG_POP_25_34,ORG_POP_35_44,ORG_POP_45_54,ORG_POP_55_64,ORG_POP_65_74,ORG_POP_75_84,ORG_POP_85P,ORG_TOT_POP8,ORG_CITNATIV,ORG_CITFORNAT,ORG_CITFORNOT,ORG_TRAV30_59,ORG_TRAV60_89,ORG_TRAV90P,ORG_MEDHHSIZE,ORG_HOUSEHOLDS5,ORG_HH1,ORG_HH2,ORG_HH3,ORG_HH4,ORG_HH5,ORG_HH6,ORG_HH7P,ORG_HOUSEUNITS,ORG_OCCUNIT,ORG_VACUNIT,ORG_VACUNITRNT,ORG_VACUNITRNO,ORG_VACUNITSAL,ORG_VACUNITSNO,ORG_VACUNITSEA,ORG_VACUNITMIG,ORG_VACUNITOTH,ORG_HOUSEUNITS3,ORG_RNTL250,ORG_RNT25L50,ORG_RNT50L75,ORG_RNT75L100,ORG_RNT100L125,ORG_RENTNOCASH,ORG_HOUSEUNITS4,ORG_MORTANY,ORG_NOMORT,ORG_MEDVEHICLE,ORG_TOTPERSINC,ORG_TOTHHINC,ORG_MEDHHINC,ORG_AVGHHINC,ORG_PERCAPINC,ORG_SE_K_12,ORG_SE_K_12PUB,ORG_SE_PREPUB,ORG_SE_KINDPUB,ORG_SE_1_4PUB,ORG_SE_5_8PUB,ORG_SE_9_12PUB,ORG_SE_UNDPUB,ORG_SE_GRADPUB,ORG_SE_K_12PRI,ORG_SE_PREPRI,ORG_SE_KINDPRI,ORG_SE_1_4PRI,ORG_SE_5_8PRI,ORG_SE_9_12PRI,ORG_SE_UNDPRI,ORG_SE_GRADPRI,ORG_SE_NONE,ORG_ED_LHS,ORG_ED_HS,ORG_ED_COL,ORG_ED_ASSC,ORG_ED_BACH,ORG_ED_MAST,ORG_ED_PROF,ORG_ED_DOCT,ORG_FMHL24YR,ORG_FMH25_34YR,ORG_FMH35_44YR,ORG_FMH45_54YR,ORG_FMH55_64YR,ORG_FMH65_74YR,ORG_FMH75PYR,ORG_WHMEDAGE,ORG_BLMEDAGE,ORG_ASMEDAGE,ORG_AMMEDAGE,ORG_ORMEDAGE,ORG_POV_TOTAL
1,Alabama,Alabama,0,1,,,,,,,97.9,4959539,1978162,2.45,4959539,3999857,843441,1280951,886337,394614,98670,295944,353607,532730,52403,46267,180686,115258,1978162,697211,4519,325653,1543,365496,4959539,2961026,1998513,4959539,2427905,2531634,4959539,3163090,1410187,86984,40938,141838,116502,4959539,242868,3072355,1978162,1324303,541706,27993,16262,35384,32514,1978162,63966,1298536,40.5,4959539,326571,345469,338226,431830,724125,568875,514728,711441,655064,251614,91596,4959539,4759383,71794,128362,548823,88156,39687,2.6,1978162,583459,648909,318295,245644,110860,44085,26910,2340063,1978162,361901,95935,5029,42748,12005,80630,259,125295,2340063,77112,175481,216121,71955,23808,77689,1314671,770493,544178,2.3,1.81429E+11,1.78371E+11,69547,90170,36582,1320278,1122571,41871,63923,231106,238205,231429,267773,48264,197707,39318,11340,29852,29108,30786,42865,14438,3482153,488531,1052149,797528,294755,552097,236548,56535,39300,45721,194024,241613,247160,255139,186103,111191,44.9,35.9,35.2,41.4,25.5,977733
2,Alaska,Alaska,0,2,,,,,,,1.3,735913,272860,2.6,735913,577136,131447,173988,129971,44017,16619,27398,58205,71766,10549,6070,18803,8595,272860,98872,862,52819,332,44859,735913,477246,258667,735913,383433,352480,735913,425283,33640,66393,126980,14164,69453,735913,49327,401098,272860,182496,13052,18099,38537,4479,16197,272860,13592,175666,35.7,735913,56180,59733,59687,69770,116372,87961,86078,105593,66527,20918,7094,735913,673986,31861,30066,50254,10482,6407,2.7,272860,74588,86046,43628,32423,19229,7977,8969,338206,272860,65346,8634,895,4144,1275,37975,478,11945,338206,3060,8033,13077,22183,19944,9533,168363,101659,66704,2.3,36082428107,34419170151,100153,126142,49030,199148,170228,7511,10117,38182,34873,35047,34808,9690,28920,3973,1094,4610,4623,4504,7042,3074,509865,37224,136284,134573,40001,88799,38872,8361,6429,8087,32442,34085,36836,36540,18213,7785,39.7,32.6,36.9,35.5,30.5,82466
4,Arizona,Arizona,0,4,,,,,,,66.7,7575578,2829159,2.62,7575578,6121333,1294601,1835323,1299414,535909,173950,361959,523936,775478,105228,68722,219739,142220,2829159,993836,7005,485212,3846,497773,7575578,6843167,732411,7575578,3794974,3780604,7575578,5076079,386720,299717,367624,1064622,380816,7575578,2394338,3776175,2829159,2103814,142074,98552,106227,286675,91817,2829159,640218,1754383,37.5,7575578,576937,597602,566072,677320,1146274,886905,720761,955794,950406,360219,137288,7575578,6609914,424762,540902,874143,132544,53571,2.7,2829159,756966,973671,401373,333032,190769,99488,73860,3298200,2829159,469041,105359,5458,45176,10352,211691,735,90270,3298200,30536,117918,358342,241776,141694,49994,1774148,1178437,595711,2.2,2.88415E+11,2.85792E+11,75524,101017,38071,1949691,1720441,57303,85785,357053,362739,363049,431961,62551,229250,33094,9164,32344,26074,24708,65821,38045,5347339,674386,1235422,1319975,460544,924525,389327,91558,61910,53671,263801,364712,360454,337998,286333,168354,43.9,33,36.9,33.2,27.2,1484989
5,Arkansas,Arkansas,0,5,,,,,,,58.7,3055761,1206227,2.47,3055761,2432319,542223,770822,545055,225767,67244,158523,233280,311775,40726,26518,100535,57988,1206227,435405,3978,207484,1249,222694,3055761,1750739,1305022,3055761,1515879,1539882,3055761,2228190,498493,70100,37090,134336,87552,3055761,247672,2123952,1206227,924999,189048,20999,13405,33941,23835,1206227,63486,897551,39.8,3055761,216263,223408,213736,263433,448790,341183,302296,416652,410198,158023,61779,3055761,2896916,51580,107265,266910,42315,23322,2.6,1206227,357457,391506,194286,143307,72750,28889,18032,1413716,1206227,207489,54825,2730,20431,6018,48730,393,74362,1413716,45226,142403,146942,38192,9459,48014,767139,440250,326889,2.3,1.04267E+11,1.02382E+11,64960,84878,34121,835294,738138,43213,43747,158502,157223,146891,164305,24257,97156,17057,3800,14873,12440,13884,27193,7909,2116358,301118,718346,499959,142247,312290,118080,26790,20091,34265,125164,149473,149410,136553,109734,66223,44.2,33.6,32.2,39,25.6,593963
6,California,California,0,6,,,,,,,258.5,40261832,13695844,2.88,40261832,33553790,5874699,9442220,6769291,2672929,863342,1809587,3100150,3669141,472087,391255,975880,833707,13695844,4253624,34937,2022023,15464,2181200,40261832,38259728,2002104,40261832,20116945,20144887,40261832,20121325,2518803,6597675,496963,7590222,2936844,40261832,16022385,12498792,13695844,7886471,937254,2143407,157181,1848940,722591,13695844,3908779,5910453,36.8,40261832,2895705,3032978,3036114,3817331,6424643,5084777,4263026,4925968,4176666,1768268,836356,40261832,29505813,5771976,4984043,5288188,1310182,588599,2.9,13695844,3072688,4041175,2325801,2038260,1124590,554132,539198,14783504,13695844,1087660,333135,23193,123198,41486,344558,2353,219737,14783504,165670,276070,744890,1009389,1250497,207112,7261406,5186647,2074759,2.3,1.75381E+12,1.7282E+12,91424,126184,43560,10598600,8994241,375015,498940,1754440,1799543,1829024,2414730,322549,1604359,262221,62204,168060,174970,177699,481708,277497,28271294,4559875,5530382,6072732,2259895,5748389,2212977,660604,434850,202931,1268638,1937096,2137652,2005040,1131185,759678,42.4,37.6,42,37.6,28.5,7571900
8,Colorado,Colorado,0,8,,,,,,,57.7,5977128,2398132,2.44,5977128,4691867,1158101,1526048,1146551,379497,126617,252880,503819,642732,77127,49490,161125,91755,2398132,872084,5010,434013,1900,431161,5977128,5179264,797864,5977128,3015949,2961179,5977128,4647418,289366,228588,78915,442095,290746,5977128,1304367,3873907,2398132,1979854,111782,74725,27084,129459,75228,2398132,366754,1757619,37.6,5977128,432413,450289,425604,519942,963518,754811,642566,816192,637938,236391,97464,5977128,5385881,261623,329624,796505,130172,60832,2.7,2398132,648592,821147,360740,302257,153449,67217,44730,2657792,2398132,259660,55603,3391,28540,6048,124168,607,41303,2657792,37300,68218,223362,205988,154187,34881,1516033,1118792,397241,2.4,2.80371E+11,2.7755E+11,89297,115736,46908,1581984,1355099,62148,77439,280928,286150,272553,310528,65353,226885,48969,8800,28043,26643,23957,56490,33983,4186656,368390,846121,934056,365381,1030804,437865,97815,68448,39674,239750,338392,311982,316309,181548,98393,40.6,34.4,37,36.4,28.1,729131
9,Connecticut,Connecticut,0,9,,,,,,,742.9,3597287,1401514,2.49,3597287,2854881,628854,895850,646202,249648,73063,176585,251295,394907,37259,35804,100189,76396,1401514,505664,2739,228035,1216,273674,3597287,3173340,423947,3597287,1765818,1831469,3597287,2569074,438206,201845,18743,216905,152514,3597287,599468,2264826,1401514,1072317,157881,63547,6527,64234,37008,1401514,170028,980736,41.8,3597287,217016,253191,262260,290341,475519,439559,417710,510036,441704,192262,97689,3597287,3050744,289889,256654,431491,97218,54610,2.6,1401514,404777,464404,227383,176159,78109,28604,22078,1551549,1401514,150035,45232,2891,19652,5281,40435,57,36487,1551549,30066,35271,78315,124569,99203,23355,902730,620042,282688,2.2,1.95744E+11,1.92577E+11,106357,137406,54415,952386,745715,40828,39778,141448,163143,167176,159263,34079,206671,29575,7457,16816,17952,23638,74401,36832,2541891,240003,673212,423980,202386,571784,334759,80137,48218,18874,98608,160439,205522,209332,126441,76634,47.1,35.4,35.4,36.2,29,459911
10,Delaware,Delaware,0,10,,,,,,,511.5,996746,384103,2.53,996746,797990,172664,249241,180657,68584,19088,49496,64577,116080,10646,8442,29144,20352,384103,134862,878,57839,412,75733,996746,819296,177450,996746,487466,509280,996746,617504,244788,42987,5654,43214,42599,996746,100822,573329,384103,259136,88908,14037,2020,11005,8997,384103,25347,246520,41.3,996746,64732,68894,66540,87955,138522,113752,105022,141227,137581,52292,20229,996746,904289,44567,47890,117457,25002,12752,2.6,384103,106733,133474,57373,47074,21503,9520,8426,452515,384103,68412,11973,816,6923,1213,35842,60,11585,452515,7625,9952,25211,31423,20126,6147,269103,176208,92895,2.3,45039172497,44345973507,92292,115454,45186,254835,207797,8860,10767,41136,41048,41620,56263,8103,47038,7344,2027,6057,7643,6839,10074,7054,710749,70784,230492,134738,51988,132754,64085,12838,10946,7860,33499,42100,50089,53035,39083,23575,48.1,36.5,35.8,41.1,26.8,125518
11,District of Columbia,District Of Columbia,0,11,,,,,,,11899.7,726460,340038,2.01,726460,436622,246632,149527,87734,61793,12800,48993,34548,53186,5511,7289,29296,19697,340038,190511,452,85807,247,104005,726460,726460,0,726460,345937,380523,726460,270654,358139,30077,3537,34665,29388,726460,81355,240141,340038,144229,158138,14574,1479,9823,11795,340038,26754,131034,35.9,726460,37621,31971,28907,87162,169598,85492,65785,94148,77926,31708,16142,726460,622121,46431,57908,156125,27147,8997,2.3,340038,136819,106475,41933,28829,13203,6025,6754,367206,340038,27168,12762,1192,2767,806,4096,7,5538,367206,14762,10665,17962,27905,23660,5802,138427,107308,31119,1.3,46969099413,46012235785,101813,135315,64654,176278,105338,10793,7712,22164,17124,25835,12662,9048,70940,3218,1359,4344,4267,3982,34044,19726,532319,51747,101319,75984,16801,125335,98802,47729,23082,3526,30732,37307,25238,24044,17878,10802,33.6,43.6,33,40.9,29.8,112978
12,Florida,Florida,0,12,,,,,,,414.8,22241857,8863668,2.46,22241857,17813275,3964976,5693501,3985279,1708222,488789,1219433,1424118,2561161,262918,225871,699213,520220,8863668,3170167,22073,1447902,7947,1692245,22241857,20304427,1937430,22241857,10979820,11262037,22241857,15680820,4000355,737616,103706,905327,814033,22241857,5539713,11443133,8863668,6731058,1369376,240173,37885,260783,224393,8863668,1730704,5347557,43.6,22241857,1305825,1396617,1411628,1783838,3038454,2541498,2308644,3111964,3349756,1423218,570415,22241857,17779786,2484248,1977823,2994821,467877,193988,2.6,8863668,2445766,3171158,1353635,1028461,506050,212319,146279,10478042,8863668,1614374,334568,18473,157717,34667,715349,1669,351931,10478042,111871,209892,900089,815143,530467,173357,5548466,3257144,2291322,2.1,8.82121E+11,8.706E+11,74571,98221,39660,5251428,4297627,192702,231470,847197,851828,893385,1112539,168506,953801,142284,41048,122534,126938,115066,280081,125850,16360925,1904128,4708813,3444649,1597992,2998673,1163305,334121,192268,131025,710269,1014587,1171555,1116285,913679,636101,49.3,34.4,39.5,40.3,29.5,3965330
13,Georgia,Georgia,0,13,,,,,,,190.6,10959305,4107324,2.6,10959305,8961646,1725257,2746450,1878577,867873,215362,652511,838408,1040169,123646,91716,424031,228480,4107324,1360874,10587,626785,3842,719660,10959305,8338972,2620333,10959305,5381382,5577923,10959305,5898343,3694971,491363,50344,473451,350833,10959305,1086026,5387905,4107324,2369543,1366763,153765,17311,112579,87363,4107324,264512,2237830,37,10959305,810564,859881,798407,952799,1761863,1449735,1163713,1430949,1176125,404696,150573,10959305,9841366,480928,637011,1445712,323174,124660,2.8,4107324,1079792,1295330,683275,550391,282208,125659,90669,4674555,4107324,567231,188249,8224,79512,14906,99641,941,175758,4674555,105029,253865,502965,347017,165816,104990,2510164,1744573,765591,2.3,4.28162E+11,4.21628E+11,79919,102652,39068,3167012,2682062,140337,152555,577065,573200,549847,591959,97099,484950,78224,18892,58204,68755,62173,139036,59666,7398825,1003738,1999321,1704760,573630,1406491,597159,156607,95948,87296,416096,577313,623332,532196,336748,173469,41.9,34.5,36.1,35.8,26.3,2118147
15,Hawaii,Hawaii,0,15,,,,,,,222.3,1427568,483866,2.86,1427568,1186336,197678,334195,247611,86584,28901,57683,106627,140984,14812,14089,30246,27437,483866,149671,1074,74335,545,73717,1427568,1306553,121015,1427568,719847,707721,1427568,303938,29208,699204,4323,20086,370809,1427568,154590,265108,483866,142031,11456,234229,1783,6509,87858,483866,37042,129335,42.1,1427568,83001,93936,94914,124193,201667,163907,159995,192637,165959,87576,59783,1427568,1155482,157235,114851,200467,44502,15372,2.9,483866,107961,149454,81286,62497,36810,20794,25064,567919,483866,84053,19756,1490,4515,1548,40319,163,16262,567919,8180,7040,17361,25576,38301,12382,277595,183973,93622,2.2,68026889752,65292363564,105526,134939,47652,351976,268794,10156,16087,56653,53770,44843,73968,13317,83182,15533,3501,8702,14382,12851,20903,7310,1035631,83331,276136,220472,111880,223858,77055,25596,13196,10433,45496,56719,60653,68911,53054,38929,46.6,31.5,51.1,38.9,31.4,182200
16,Idaho,Idaho,0,16,,,,,,,22.7,1873146,704789,2.61,1873146,1542211,298067,471845,369096,102749,35007,67742,155458,213638,23192,11815,44394,23348,704789,232944,2180,111256,656,118852,1873146,1346267,526879,1873146,947507,925639,1873146,1584263,16445,37401,31628,133878,69531,1873146,245538,1475773,704789,625404,4795,11859,10513,35411,16807,704789,63148,598229,36.7,1873146,153265,156430,149101,164745,277441,207116,178451,243865,223890,83037,35805,1873146,1751160,45929,76057,143087,22445,13593,2.7,704789,182793,244949,98924,83748,51434,25138,17803,822783,704789,117994,19409,1279,13429,2713,60437,645,20082,822783,14466,41893,85506,42576,13951,18137,478379,321837,156542,2.4,65270558803,64584428311,72493,91636,34846,537586,464485,13130,25551,100660,110867,100745,98545,14987,73101,14825,2685,7991,7933,6844,28368,4455,1260767,122296,333146,348387,116538,222973,74505,17978,13782,20109,76598,98619,87518,89253,63339,36409,39.6,27.1,35.9,37.3,26,319430
17,Illinois,Illinois,0,17,,,,,,,228.8,12705145,4872644,2.55,12705145,10127444,2280730,3084748,2234405,850343,241945,608398,930999,1303406,127944,114001,358455,249943,4872644,1787896,15174,835510,3956,933256,12705145,11293340,1411805,12705145,6280551,6424594,12705145,8429259,1947448,834985,71579,929966,491908,12705145,2229053,7214912,4872644,3497301,715290,283830,22066,236664,117493,4872644,567633,3172522,38.5,12705145,872582,938611,927692,1093503,1975882,1539180,1342865,1685698,1452429,603402,273301,12705145,10858209,978993,867943,1839437,498997,170852,2.7,4872644,1420354,1562440,733716,619330,303653,134439,98712,5355652,4872644,483008,152824,9353,74868,20527,60839,349,164248,5355652,109529,216161,459898,381388,228780,91910,3101975,1996886,1105089,2.1,5.66952E+11,5.58804E+11,88628,114682,44624,3346102,2691837,149948,148001,555533,577440,595003,545327,120585,654265,93548,27230,77334,75326,65829,206151,108847,8941008,973499,2221996,1860162,738546,1876103,885355,198469,118627,67337,422556,608803,655706,669251,418294,242801,42.6,36.1,37.8,33.4,27.9,1867930
18,Indiana,Indiana,0,18,,,,,,,192,6878863,2682797,2.49,6878863,5448418,1236385,1719174,1227414,491760,151484,340276,501028,726386,91123,60361,219994,120282,2682797,963623,10543,454969,2821,495290,6878863,5043793,1835070,6878863,3412128,3466735,6878863,5499120,720120,171950,29216,250004,208453,6878863,503348,5252957,2682797,2234773,272052,55478,11133,64855,44506,2682797,130013,2172198,39,6878863,489262,520652,513739,613714,985374,798934,718947,934716,827542,335113,140870,6878863,6493185,140348,245330,769522,121175,64066,2.6,2682797,765806,888928,409807,334053,170741,67929,45533,3023839,2682797,341042,101559,4694,45807,13368,62643,217,112754,3023839,61540,193109,380041,134667,36730,54322,1789621,1185067,604554,2.3,2.61099E+11,2.57131E+11,76436,95845,37956,1896400,1560955,63942,84206,334186,338160,333666,340655,66140,335445,56416,15161,48377,47509,39795,99465,28722,4746056,548269,1499152,1008212,435608,794033,329052,73556,53614,55379,266923,337556,337424,356404,231628,133860,42.2,33.8,32.9,39.2,26,1158450
19,Iowa,Iowa,0,19,,,,,,,57.3,3201023,1311017,2.36,3201023,2462802,635635,813827,615337,198490,64677,133813,250573,364764,43408,21269,91717,42096,1311017,497190,4595,245131,1043,246421,3201023,2095450,1105573,3201023,1600164,1600859,3201023,2802478,136772,87899,15912,68120,89842,3201023,201897,2683055,1311017,1197672,45876,26336,5004,18043,18086,1311017,50361,1167834,40.3,3201023,222891,229881,229285,289913,446268,341586,326206,440740,402664,183139,88450,3201023,3023252,67610,110161,263676,34942,23882,2.6,1311017,389366,451593,183835,155339,83323,31101,16460,1458706,1311017,147689,40789,2277,21408,6894,27417,86,48818,1458706,32120,115336,152730,47625,13161,28533,903984,563731,340253,2.4,1.33328E+11,1.31066E+11,80785,99973,41652,900940,750437,46739,42758,155203,162391,155038,158753,29555,150503,21016,4932,20625,19638,15535,53130,15627,2192722,193396,636657,483164,271499,438480,143795,37700,24362,24694,132092,157919,152432,163537,109604,73549,43.5,29,31.6,32,25.4,426116
20,Kansas,Kansas,0,20,,,,,,,36.1,2951399,1164381,2.47,2951399,2331785,538885,741726,563591,178135,59906,118229,241717,321874,38076,21830,81063,37166,1164381,422655,3546,201442,1300,216367,2951399,2227867,723532,2951399,1478374,1473025,2951399,2341050,203593,103733,39457,135664,127902,2951399,371351,2124529,1164381,973695,77209,32803,13755,37874,29045,1164381,96824,917645,38.1,2951399,221855,228298,220679,267897,436657,323884,302281,391760,337279,150008,70801,2951399,2728487,88105,134807,250493,28759,19366,2.6,1164381,340726,384350,174387,139275,73717,32008,19918,1314503,1164381,150122,49741,2363,18726,6700,17568,137,54887,1314503,31933,109771,149920,59286,22024,29719,739631,454743,284888,2.4,1.21658E+11,1.19615E+11,80368,102729,41220,864256,737193,42280,42992,145123,154302,146929,169931,35636,127063,20532,5472,20258,19898,19416,29972,11515,1980867,190451,488581,488935,175418,418796,187475,39412,23602,26999,123978,147530,139801,151633,94185,57600,41.8,33,33.7,36,26.7,451698
21,Kentucky,Kentucky,0,21,,,,,,,114.4,4518943,1807494,2.43,4518943,3548306,838853,1156875,814276,342599,102154,240445,331895,482381,59925,42229,154388,86057,1807494,650619,6768,307797,1730,334324,4518943,2693765,1825178,4518943,2240554,2278389,4518943,3791839,421278,83785,14794,76024,131223,4518943,183570,3698079,1807494,1562890,163354,26447,5936,18961,29906,1807494,47915,1536623,40.4,4518943,306687,319777,314891,382497,651680,530029,476289,643841,586052,222769,84431,4518943,4337674,67766,113503,456852,68192,40024,2.6,1807494,521921,610002,286740,221591,104971,39081,23188,2051689,1807494,244195,59320,3810,28454,10200,49721,644,92046,2051689,67291,195473,211701,70608,19548,66444,1158814,696955,461859,2.2,1.62098E+11,1.59319E+11,68518,88144,35871,1203457,1014554,50232,58977,212488,222953,208518,215494,45892,188903,28541,7190,28710,29795,28778,50545,15344,3167547,460477,1023492,696917,257303,445921,226481,53625,30875,44242,179091,214672,231534,237802,160228,89306,42.7,34.6,33.9,41.6,25.4,894308
22,Louisiana,Louisiana,0,22,,,,,,,108.1,4672186,1825067,2.49,4672186,3712355,830614,1168465,724954,443511,110221,333290,297552,427402,67169,43052,215172,118118,1825067,656602,5440,320824,1858,328480,4672186,3449220,1222966,4672186,2307617,2364569,4672186,2721591,1603519,103118,43511,91928,108519,4672186,249923,2585805,1825067,1137024,584433,32874,15497,26397,28842,1825067,73643,1092640,38.6,4672186,329062,335754,318337,420654,747240,517412,488359,658968,557800,217137,81463,4672186,4470508,77582,124096,488029,98601,63490,2.7,1825067,527058,589983,304515,216616,111915,46285,28695,2103992,1825067,278925,85012,3924,25148,8736,52726,1187,102192,2103992,64151,118640,205441,112188,46780,73448,1164432,639471,524961,2.1,1.74916E+11,1.7125E+11,71484,93832,37438,1262455,1008455,61987,57130,217603,224849,197227,210525,39134,254000,35399,13404,45026,48732,45505,48862,17072,3251590,488629,1089976,729589,191869,498838,180626,56910,31942,40517,200001,218258,220781,244856,153600,90452,42.8,34.4,36,38,28.8,951303
23,Maine,Maine,0,23,,,,,,,44,1356193,582086,2.27,1356193,1020842,298454,350115,262501,87614,31849,55765,86617,175884,20461,11388,33356,22409,582086,231971,2479,110389,599,118504,1356193,531536,824657,1356193,670599,685594,1356193,1252600,24317,20636,13998,6653,37989,1356193,22083,1239249,582086,552157,6681,5639,5348,1785,10476,582086,5900,548144,45.9,1356193,73903,82653,90268,105283,159017,152652,157052,221485,197451,81828,34601,1356193,1302033,29278,24882,155861,29725,15657,2.5,582086,175665,224433,82233,58830,25169,10726,5030,770179,582086,188093,16594,1246,10776,2536,133367,202,23372,770179,15020,23374,64855,37794,16867,14114,398078,244807,153271,2.2,56783541702,55978161299,76054,96168,41870,317376,256899,11022,14254,55514,54849,54795,56527,9938,60477,9573,1589,6432,5508,8880,21200,7295,1003265,81037,300957,205931,100700,201149,80857,20066,13389,9402,40803,57883,71676,84186,53855,32310,47.6,25.6,34.4,39.3,26.1,207926
24,Maryland,Maryland,0,24,,,,,,,633.1,6145960,2311835,2.6,6145960,5018296,984420,1541386,1087427,453959,121932,332027,466329,621098,66482,55450,181584,150443,2311835,770449,5545,338061,2885,423958,6145960,5362063,783897,6145960,2998992,3146968,6145960,3159951,1942119,454168,30269,279178,280275,6145960,625970,2887693,2311835,1300341,725049,146085,10016,64747,65597,2311835,151741,1226959,39.8,6145960,402653,434222,425985,515137,926921,767569,705573,867226,704836,274274,121564,6145960,5201236,480015,464709,1061850,324378,131304,2.8,2311835,602172,725623,392609,318490,151805,69922,51214,2550115,2311835,238280,59838,4271,34203,8146,64463,174,67185,2550115,41715,41865,104554,146547,148697,31269,1508258,1118869,389389,2.2,3.31832E+11,3.28278E+11,112985,141999,53992,1644047,1308242,56003,74556,273259,254846,254195,315760,79623,335805,58414,12982,41185,42764,46188,77160,57112,4308707,426642,1036710,861864,296797,946314,555545,130423,113668,29504,200459,290810,350634,343776,211865,114338,45.4,37.8,39.5,38.2,28.5,676037
25,Massachusetts,Massachusetts,0,25,,,,,,,900.1,7020907,2768226,2.44,7020907,5413639,1354572,1737691,1267817,469874,128920,340954,507272,760545,57842,71078,185598,155356,2768226,1030535,5241,460781,2097,562416,7020907,6473910,546997,7020907,3427764,3593143,7020907,5192915,610733,524944,30087,367200,295028,7020907,797143,4816849,2768226,2178484,216468,169304,10447,115191,78332,2768226,231519,2063560,40.7,7020907,415478,460046,478041,652057,1014507,856788,784894,975631,833876,370263,179326,7020907,5817640,639494,563773,1173588,310992,105153,2.7,2768226,774398,913849,467045,360392,153458,63132,35952,3052236,2768226,284010,62534,4672,23311,8050,133758,159,51526,3052236,67280,116341,152783,187368,175609,45035,1678726,1175761,502965,2.1,3.71246E+11,3.65387E+11,102030,131993,52877,1828157,1310601,63329,76764,262389,279548,291414,282388,54769,517556,58927,14286,30545,34149,41887,224155,113607,4994571,463524,1171576,808218,400565,1210785,667184,154321,139112,27603,213630,324038,400250,406830,225492,139848,45.1,34.2,34.9,35.2,29.2,795134
26,Michigan,Michigan,0,26,,,,,,,178.3,10079722,4036618,2.44,10079722,7895085,1956347,2533705,1804085,729620,217780,511840,681222,1122863,121109,96671,296162,215678,4036618,1502913,13354,730093,4469,754997,10079722,7535494,2544228,10079722,4984825,5094897,10079722,7529982,1508618,362546,93788,188860,395928,10079722,533835,7227583,4036618,3159143,581923,116020,34788,52527,92217,4036618,142807,3074975,41.2,10079722,639390,723398,749179,884345,1324963,1159738,1101100,1471991,1270971,525732,228915,10079722,9342858,386506,350358,1157039,190944,83440,2.6,4036618,1194622,1368550,611437,471556,227413,101534,61506,4697733,4036618,661115,112310,6939,61935,17911,283642,2138,176240,4697733,86133,211726,497517,236288,76497,75349,2777433,1680663,1096770,2.2,4.02144E+11,3.96551E+11,76804,98239,39897,2604674,2220328,108994,119051,436426,442530,464085,538442,110800,384346,50721,16948,58841,58710,52049,107864,39213,7169297,661181,1959478,1678830,707842,1262193,605068,125763,83055,69940,336193,449637,505453,569256,379475,223751,44.7,36.4,35.1,39.2,26.9,1824805
27,Minnesota,Minnesota,0,27,,,,,,,72.6,5783899,2339232,2.41,5783899,4537567,1104852,1480125,1144475,335650,110724,224926,465407,679068,65495,45229,150703,74223,2339232,859107,7432,406436,1836,443403,5783899,4297983,1485916,5783899,2898515,2885384,5783899,4586364,413059,330674,79692,153444,220666,5783899,318623,4438237,2339232,1992203,142153,94113,25932,38838,45993,2339232,77697,1954557,38.6,5783899,416867,435404,432592,491428,873062,673969,632134,771934,653394,272836,130279,5783899,5311276,231636,240987,755123,114841,51673,2.6,2339232,664775,808342,343996,292175,138114,54298,37532,2639507,2339232,300275,46789,3641,28865,7190,164336,375,49079,2639507,51457,90351,182791,167605,93399,36508,1625035,1101957,523078,2.3,2.71976E+11,2.68154E+11,91942,114633,47023,1559179,1279123,73352,74227,279984,270305,270779,262539,47937,280056,45046,11333,39273,37760,29084,84080,33480,4024094,284113,940414,842488,480853,976215,340580,85981,56964,37549,226767,285400,306874,320383,191340,111812,43.2,29.4,30.7,33.3,26.1,638510
28,Mississippi,Mississippi,0,28,,,,,,,63.6,2984867,1135219,2.55,2984867,2405259,487962,738788,465050,273738,66279,207459,196725,268325,38156,28123,133602,73857,1135219,396431,3077,186627,830,205897,2984867,1496112,1488755,2984867,1463871,1520996,2984867,1633049,1183415,38680,19296,54841,55586,2984867,104040,1591539,1135219,668393,422659,11666,6045,13473,12983,1135219,25791,657433,38.7,2984867,216084,221565,209363,262781,457531,336701,302231,414449,370172,141030,52960,2984867,2901963,26965,55939,299516,51579,30567,2.7,1135219,331243,345894,190720,140417,75518,29693,21734,1343881,1135219,208662,58162,2420,20634,6215,39896,345,80990,1343881,49631,101184,113881,43475,14221,57719,743708,388458,355250,2.3,96734708985,94375752515,63393,83135,32409,878290,755249,40761,46937,155002,154401,154907,176504,26737,123041,16384,6066,21001,20209,22607,28268,8506,2002244,338104,608756,475238,194266,288963,121314,28747,19686,27573,118507,143954,145856,139829,102471,60598,44.2,34.2,35.7,33.7,26.8,704966
29,Missouri,Missouri,0,29,,,,,,,90.5,6218173,2509905,2.41,6218173,4845724,1193819,1568557,1133198,435359,125601,309758,451906,681292,77787,47814,192519,117239,2509905,941348,8132,439286,2428,491502,6218173,4408475,1809698,6218173,3072788,3145385,6218173,4897259,785320,164842,45504,124745,200503,6218173,270913,4760215,2509905,2054325,301069,53803,17259,33066,50383,2509905,73393,2016711,40.4,6218173,420445,441147,440667,539960,894385,692514,659008,861719,804009,327880,136439,6218173,5940238,129313,148622,712156,97540,51711,2.6,2509905,750907,856768,377521,297154,136522,55663,35370,2910907,2509905,401002,100150,5189,45544,14023,104423,213,131460,2910907,67519,228142,324868,124324,39723,64319,1626034,1015413,610621,2.3,2.46252E+11,2.42101E+11,75609,96458,39602,1646829,1316111,65448,77945,283948,283346,281195,273909,50320,330718,48893,13145,44133,47603,40990,93827,42127,4368712,474460,1285011,993681,354641,785817,351748,80527,50069,49003,242750,289821,304502,324385,225723,132373,43.4,34.6,34.1,41.2,26,1028552
30,Montana,Montana,0,30,,,,,,,7.5,1092394,468236,2.27,1092394,822331,239513,278853,212775,66078,24776,41302,81118,131657,15495,9281,26117,15185,468236,189383,1382,98411,368,89222,1092394,614120,478274,1092394,554543,537851,1092394,944759,5484,11379,78835,9851,42086,1092394,38794,923080,468236,423706,1754,3597,24160,3205,11814,468236,10830,416987,43.2,1092394,69271,71348,73955,93023,147824,110047,116822,173627,151983,58724,25770,1092394,1066573,14291,11530,61307,11502,10238,2.5,468236,150202,164050,65928,50028,22683,9727,5618,560508,468236,92272,13599,937,7750,1751,48131,304,19800,560508,13667,33362,59993,21877,8953,15554,307052,182477,124575,2.5,42910611678,42150267504,71020,90019,39281,270602,231936,9086,13898,53432,47899,47714,49129,10778,38666,9441,1724,6008,5771,5326,7803,2593,788463,56664,213329,198606,69261,169960,51150,16249,9578,8158,45677,49741,48565,62399,41787,22526,45.8,27.4,36,33.5,30.4,163848
31,Nebraska,Nebraska,0,31,,,,,,,25.8,1980356,794100,2.43,1980356,1549664,376968,497250,380043,117207,38743,78464,166703,213340,24998,13745,53226,25238,794100,296850,2398,148738,741,144973,1980356,1486983,493373,1980356,991774,988582,1980356,1624903,112195,56185,27994,100259,58820,1980356,222442,1513647,794100,689450,40985,17229,8163,25974,12299,794100,54560,663448,38.2,1980356,150255,150482,144114,177297,299653,216702,200846,262407,227496,103224,47880,1980356,1828341,53273,98742,157299,21045,13226,2.6,794100,238021,263068,112953,96062,49539,20751,13706,879018,794100,84918,24627,1378,9605,3102,16995,61,29150,879018,20203,77078,101428,43673,15037,18480,505980,320423,185557,2.4,80488275079,79364370262,80825,99943,40643,567164,470153,24770,27241,100404,101408,95337,97042,23951,97011,16232,4958,14947,13258,11782,25589,10245,1341073,127304,337338,328079,139319,281999,103914,24198,16057,15029,90156,102545,91842,100508,60288,36882,42,31.4,32.4,30.5,25.6,272325
32,Nevada,Nevada,0,32,,,,,,,29.3,3215313,1203175,2.64,3215313,2568698,607889,750166,503086,247080,84550,162530,200958,302128,47992,36558,100499,62031,1203175,453009,3752,235213,1423,212621,3215313,3042074,173239,3215313,1630425,1584888,3215313,1715372,329548,336477,46442,552243,235231,3215313,952004,1366629,1203175,736894,128126,114988,16630,148282,58255,1203175,250328,635999,37.1,3215313,240893,248519,235579,271109,524396,414063,325146,408763,379034,126805,41006,3215313,2616234,295657,303422,365932,43703,32028,2.7,1203175,344723,391962,184253,140379,76381,37574,27903,1365123,1203175,161948,61789,1609,23418,2812,33954,262,38104,1365123,9749,33792,159975,144092,97048,20612,654939,480013,174926,2.1,1.27187E+11,1.26291E+11,80334,104965,39557,775412,675127,24974,41433,145371,148305,155666,136498,22880,100285,15600,4578,14216,11578,10575,30028,13710,2323852,298055,616675,598492,176145,353829,123399,34010,18608,22167,116349,157998,158705,141430,100341,53176,44,35.9,42.4,39.6,27.6,557551
33,New Hampshire,New Hampshire,0,33,,,,,,,153.9,1378077,554229,2.41,1378077,1074840,261722,354076,268836,85240,28656,56584,92457,176379,16658,11998,34596,21988,554229,200153,1869,99335,586,98363,1378077,835719,542358,1378077,686691,691386,1378077,1246905,25743,46975,5081,14074,39299,1378077,48578,1216996,554229,516436,8257,14067,1942,3966,9561,554229,12515,508548,43.3,1378077,77699,91148,99605,115094,166446,167911,170107,213747,176431,69523,30366,1378077,1290224,47427,40426,188441,46351,23678,2.6,554229,149872,204745,89174,63999,28471,12214,5754,661473,554229,107244,13194,1001,8019,1464,73392,34,10140,661473,7744,13678,33438,50160,35899,9039,374640,246777,127863,2.3,69827587292,69100933862,100583,124679,50670,331334,252282,9230,14853,51711,57203,55980,54011,9294,79052,11344,3368,6471,7532,8723,27774,13840,1009334,71082,263469,188394,101158,228276,106274,18845,17033,7189,41569,60053,78642,87498,51030,28095,45.2,30.7,34.8,40.1,28,144928
34,New Jersey,New Jersey,0,34,,,,,,,1223.3,8996773,3325776,2.65,8996773,7558241,1256087,2300427,1675435,624992,180138,444854,730950,944485,86608,93530,241773,203081,3325776,1025349,5468,454402,2243,563236,8996773,8540408,456365,8996773,4412717,4584056,8996773,5532708,1311136,1016790,41913,698264,395962,8996773,1881064,4534567,3325776,2214908,478288,323473,12815,194244,102048,3325776,524457,1914830,40.7,8996773,579508,635478,641093,693611,1289789,1151037,1040076,1225033,1068067,461248,211833,8996773,6887440,1218608,890725,1258133,433034,213781,2.8,3325776,815528,1017189,577080,503098,230878,95521,86482,3718161,3325776,392385,94383,5641,42510,10741,157289,195,81626,3718161,63879,59734,121129,254365,310479,44602,2067845,1388886,678959,2.1,4.8008E+11,4.7476E+11,109507,142751,53362,2355518,1872166,104704,109850,392224,395715,393302,406191,70180,483352,90082,21072,51409,52482,61140,129031,78136,6365116,654622,1678372,1109198,451644,1555553,720247,171407,106040,39520,257400,438394,548341,521797,308476,186499,45.7,37.7,38.5,34.4,30.2,1129234
35,New Mexico,New Mexico,0,35,,,,,,,17.5,2118587,832298,2.49,2118587,1687980,387354,515925,344889,171036,55325,115711,139329,205560,34126,21199,71201,44510,832298,316373,2045,155655,684,157989,2118587,1654093,464494,2118587,1055150,1063437,2118587,1374642,52002,40077,207114,331572,113180,2118587,1059638,700767,832298,588278,20049,13693,62965,113457,33856,832298,352995,356029,39.7,2118587,153074,158331,153180,184753,301897,228150,216243,303902,272106,106269,40682,2118587,1900709,86834,131044,167427,29863,15860,2.6,832298,257814,272845,117606,87279,54468,25675,16611,978206,832298,145908,29054,1690,13818,2746,46949,293,51358,978206,23818,53618,92699,51128,25741,24540,544007,303363,240644,2.3,75910094053,74720627643,65482,89776,35830,592732,528051,25616,29537,113186,105627,103032,126864,24189,64681,9203,2494,11206,9415,10512,15252,6599,1452624,220143,371638,354036,128963,215844,124554,25416,28655,21032,86101,94335,95567,100127,74551,44212,45.2,34.4,38.7,35.4,31.6,471022
36,New York,New York,0,36,,,,,,,415.5,19582453,7532830,2.52,19582453,15315755,3686631,4641071,3181503,1459568,399629,1059939,1312507,1868996,192170,207459,565575,494364,7532830,2891759,18416,1321516,6402,1545425,19582453,17299515,2282938,19582453,9544679,10037774,19582453,11630992,3265743,1861045,144300,1739798,940575,19582453,3835724,10069098,7532830,4914509,1192723,607957,45911,501519,270211,7532830,1110665,4421181,40.1,19582453,1205142,1285636,1313442,1767397,3007749,2361967,2129961,2674496,2355399,1015037,466227,19582453,15012291,2640052,1930110,2958083,1094624,503742,2.7,7532830,2258454,2289932,1197990,930815,458686,207192,189761,8503569,7532830,970739,227265,14466,87669,27634,374098,1090,238517,8503569,183698,347521,590681,525808,594200,133831,3922687,2415526,1507161,1.6,9.27176E+11,9.12368E+11,89432,121119,47347,4906166,3682656,188914,225983,771788,743311,772606,826266,153788,1223510,157164,44214,127113,128863,130522,428302,207332,14104199,1867969,3488748,2268417,1263587,2862224,1627633,404807,227451,95034,581035,858053,1026951,1047916,643398,388684,44.7,37.9,39,35.5,30.8,3141383
37,North Carolina,North Carolina,0,37,,,,,,,222.1,10797873,4295925,2.45,10797873,8592002,1921539,2774834,1961081,813753,223288,590465,819437,1141644,128644,94644,371910,218555,4295925,1521091,11735,687630,4264,817462,10797873,7326161,3471712,10797873,5295963,5501910,10797873,6879338,2540640,358408,155045,520113,344329,10797873,1083782,6411631,4295925,2922874,994320,112048,55226,130881,80576,4295925,275997,2796425,39.4,10797873,745614,779237,731256,933818,1613910,1348707,1114538,1492229,1341109,502928,194527,10797873,9904732,326066,567075,1190629,174123,93959,2.6,4295925,1215836,1446687,680525,541162,250911,99876,60928,4984498,4295925,688573,170915,8749,74754,17203,237509,1876,177567,4984498,111251,319766,535351,282571,112211,124689,2716934,1780446,936488,2.3,4.20999E+11,4.14919E+11,74308,96585,38989,2879271,2438538,92641,138430,493980,515192,516731,586161,95403,440733,75549,16786,55226,58711,51007,133924,49530,7559240,956360,1868614,1820223,720408,1467889,549607,125428,99419,87356,409560,560774,600901,520183,381765,214295,43.8,37.1,34.2,38.9,26,1956676
38,North Dakota,North Dakota,0,38,,,,,,,11.3,777504,338787,2.21,777504,577080,173225,198639,153506,45133,15508,29625,61670,91836,9767,5741,20075,9550,338787,140148,1078,77078,189,61803,777504,477562,299942,777504,396587,380917,777504,675425,14170,12707,48628,5771,20803,777504,18367,665590,338787,307943,4612,4310,15143,1860,4919,338787,5165,305008,39.6,777504,52740,50061,50817,82635,116878,77942,79523,107663,92745,44697,21803,777504,753924,9332,14248,40950,10902,8224,2.5,338787,110050,119444,46284,36688,17375,5739,3207,386415,338787,47628,9826,703,3776,1258,14617,433,17015,386415,10513,29592,49464,16105,5150,10334,211882,118656,93226,2.4,35382315967,34755613851,80637,102589,45507,197565,171536,8368,10161,34830,31922,33057,45545,7653,26029,4529,1174,4026,3226,2356,8030,2688,554458,43059,142916,127010,71574,111062,31868,8035,5727,9261,37329,36399,35950,42243,22870,14587,42.7,25.7,30.4,31,26.4,87001
39,Ohio,Ohio,0,39,,,,,,,289.2,11815564,4781674,2.41,11815564,9219576,2283221,2965494,2071871,893623,263832,629791,800001,1271870,154350,109482,388042,241749,4781674,1816180,16831,869433,5449,924467,11815564,9255218,2560346,11815564,5816539,5999025,11815564,9234848,1621271,318465,43102,191195,406683,11815564,459396,9004683,4781674,3858082,650481,108061,17880,54283,92887,4781674,127816,3789826,41.1,11815564,776657,845674,855037,1003275,1609450,1344203,1270705,1703614,1495796,639224,271929,11815564,11242487,292404,280673,1342272,188191,97337,2.6,4781674,1457509,1623160,713924,547751,265595,109417,64318,5321277,4781674,539603,156569,10015,69468,21099,68784,359,213309,5321277,131528,387531,721607,250672,71594,101533,3048548,1924485,1124063,2.2,4.73059E+11,4.66405E+11,76730,97540,40037,3108113,2490496,117527,141048,514556,510369,521048,566484,119464,617617,86865,23194,87774,92184,88957,183377,55266,8334053,825241,2621952,1760643,765940,1476084,649315,140719,95027,96393,426524,542772,578726,640328,426382,254369,44.1,35.8,35,42,26.3,1988920
40,Oklahoma,Oklahoma,0,40,,,,,,,58.5,4014671,1581165,2.47,4014671,3213970,688541,1028264,726247,302017,96106,205911,308612,417635,60889,35217,135441,70470,1581165,552901,4996,269516,1553,276836,4014671,2706592,1308079,4014671,2003376,2011295,4014671,2609411,340143,104284,430970,201319,328544,4014671,432059,2418167,1581165,1123025,131752,32386,144768,55989,93245,1581165,112364,1072273,38.6,4014671,290697,304585,288374,364917,600742,440754,402508,540212,501552,202031,78299,4014671,3754257,91580,168834,384010,52395,31787,2.7,1581165,446732,523865,243424,197682,100671,43361,25430,1822364,1581165,241199,71865,3111,24000,10818,40970,351,90084,1822364,48365,148998,212910,67768,20557,52743,1010420,566330,444090,2.3,1.439E+11,1.40841E+11,67421,89074,35843,1092187,963200,57802,57479,224796,205538,195998,187670,33917,128987,16869,5018,17821,18785,20206,38178,12110,2783981,334753,828423,676670,216309,468396,173450,41181,26916,40501,179637,204837,180323,194384,145777,82805,44.4,33.6,34.7,36.3,26.3,703172
41,Oregon,Oregon,0,41,,,,,,,45,4323157,1751638,2.41,4323157,3342055,887734,1096029,805405,290624,95067,195557,315029,490376,60336,34731,123143,72414,1751638,655609,5529,304307,2269,343504,4323157,3512340,810817,4323157,2161521,2161636,4323157,3381303,93356,242408,68966,298864,238260,4323157,584146,3104152,1751638,1474897,33482,79280,23712,76213,64054,1751638,148846,1403133,40.5,4323157,280435,295957,296907,362081,648158,503587,434237,638937,548268,212546,102044,4323157,3893937,198111,231109,448795,71421,37173,2.6,1751638,475099,621169,264456,214939,101370,44034,30571,1939636,1751638,187998,44048,3245,24614,4879,68084,584,42544,1939636,32018,62045,212458,183861,87609,34748,1057037,710681,346356,2.3,1.77891E+11,1.75237E+11,76928,100042,41149,1068630,895824,30208,48606,175604,188437,184520,233847,34602,172806,34861,7552,24195,23263,19568,44027,19340,3119845,292118,684357,825333,279620,625116,266497,66466,48270,29552,154452,225595,206580,223808,163433,92609,45,33.4,37.8,37.7,26.3,758604
42,Pennsylvania,Pennsylvania,0,42,,,,,,,288.5,12906645,5183554,2.41,12906645,10090292,2383279,3287360,2378203,909157,274353,634804,888079,1490124,151143,123210,370906,263898,5183554,1896194,13790,894269,4387,983748,12906645,10222684,2683961,12906645,6347287,6559358,12906645,9935509,1596549,540558,44757,373467,415805,12906645,947287,9510077,5183554,4202795,591716,172877,16204,104242,95720,5183554,256302,4078487,42.7,12906645,775397,845515,879707,1135800,1702692,1451728,1400765,1872735,1702028,783504,356774,12906645,11955231,500024,451390,1707272,389904,175246,2.6,5183554,1488949,1779388,821601,624137,277601,116520,75358,5811687,5183554,628133,145387,11711,70095,25007,189464,456,186013,5811687,116815,282022,530371,340233,149950,109084,3481857,2126696,1355161,2.1,5.55014E+11,5.45874E+11,82360,105309,43002,3141446,2332180,107259,132087,509258,508952,511744,469771,93109,809266,116938,28533,92556,96869,93045,269808,111517,9393970,890443,3074090,1571707,830534,1755699,813143,190045,144565,68763,435158,570014,662543,753062,496678,301142,46.7,35.4,35.3,36.8,27.5,1819179
44,Rhode Island,Rhode Island,0,44,,,,,,,1038.1,1073216,430926,2.39,1073216,828050,203033,267507,181253,86254,24497,61757,69588,111665,14437,10060,34597,27160,430926,163419,965,72044,388,90022,1073216,975347,97869,1073216,523752,549464,1073216,814956,79879,44628,10217,60783,62753,1073216,166688,737315,430926,350717,27965,13646,3565,18410,16623,430926,46518,327368,41.2,1073216,62341,69565,73186,110838,143941,123809,118253,151243,128704,59928,31408,1073216,919588,90288,63340,125227,23835,12447,2.6,430926,121038,146502,72231,51342,25204,7624,6985,488933,430926,58007,15468,896,5795,1468,19554,13,14813,488933,13216,17293,53301,44565,25905,6108,247346,170189,77157,2.1,48919380446,48013975165,86840,111421,45583,274239,195975,7589,10599,41767,39273,42165,44441,10141,78264,10471,1828,5827,6469,8028,36202,9439,769435,88267,214915,137791,66805,146183,74940,15732,12653,5561,36310,45705,57670,63290,36714,22257,46.3,32.1,32.6,34.9,28.6,154581
45,South Carolina,South Carolina,0,45,,,,,,,176.4,5302076,2114365,2.44,5302076,4254090,905572,1386749,944555,442194,108278,333916,362857,581698,59389,48889,208392,125524,2114365,727616,5088,328021,1924,392583,5302076,3592877,1709199,5302076,2600470,2701606,5302076,3324409,1540755,98757,31227,169543,137385,5302076,328587,3184348,2114365,1413611,584371,31315,11594,42047,31427,2114365,83177,1375783,40.7,5302076,355196,362222,345145,467395,775955,609210,539436,778058,720719,253348,95392,5302076,5035139,100584,166353,600323,82222,42367,2.6,2114365,587142,733835,337008,248449,130962,47399,29570,2489489,2114365,375124,104857,4800,38862,9568,116574,375,100088,2489489,53592,137111,240316,107632,41306,68396,1425145,867626,557519,2.3,1.97812E+11,1.94655E+11,71939,92063,37308,1370751,1163084,44599,76832,242907,243237,247973,264508,43028,207667,37065,11095,25643,25791,24541,64868,18664,3759733,473812,1078301,849237,361786,642498,267218,58102,41164,43209,197117,254534,278358,274761,220892,117878,45,37.2,36.6,39.1,26.5,967549
46,South Dakota,South Dakota,0,46,,,,,,,12,907746,372720,2.34,907746,697076,173862,231069,175432,55637,17351,38286,70702,104730,11290,6061,27642,10644,372720,141651,1155,71826,230,68440,907746,529524,378222,907746,457598,450148,907746,746508,18037,13252,92749,10698,26502,907746,30146,732131,372720,328463,5562,3901,25879,2966,5949,372720,7527,324728,39.4,907746,68288,66832,65897,80622,130823,93586,92896,124220,109688,50552,24342,907746,876028,12550,19168,53070,8450,6683,2.5,372720,115459,131065,48975,41257,21590,8933,5441,424753,372720,52033,13059,948,4471,1640,16474,98,15343,424753,16326,32243,37329,15852,4785,11153,251862,148152,103710,2.4,36373515280,35521531836,76150,95304,40071,248321,215781,12323,11870,47289,44698,46929,42625,10047,32540,5792,1034,5131,4993,3840,9586,2164,626393,55333,186409,136648,69876,123771,36494,10541,7035,7444,42140,42829,42411,48687,29124,18434,43.3,27.5,31.4,30.1,26.6,122955
47,Tennessee,Tennessee,0,47,,,,,,,169.7,6996019,2775255,2.46,6996019,5628701,1207999,1811991,1281975,530016,138836,391180,522100,759875,79654,59182,233521,157659,2775255,963264,8350,442170,2658,510086,6996019,4698617,2297402,6996019,3440770,3555249,6996019,5162341,1249140,148770,31447,212217,192104,6996019,399072,4991234,2775255,2145244,470362,46770,12497,52670,47712,2775255,102848,2097932,40.4,6996019,469491,493353,480793,579956,1024771,836220,730786,998094,917081,337750,127724,6996019,6627167,138532,230320,854720,123149,55736,2.7,2775255,769812,949827,444956,340465,163457,66737,40001,3163021,2775255,387766,103979,5201,50950,12736,78484,422,135994,3163021,80942,231009,349645,148799,50042,91924,1779185,1097573,681612,2.3,2.60415E+11,2.57098E+11,71327,92640,37224,1804577,1472745,64135,85177,326305,332456,307564,299757,57351,331832,46578,12485,41939,49576,53920,92786,34548,4964281,635339,1571531,1073030,365998,841922,333997,88096,62513,61076,276639,347408,363151,355297,263658,144762,44,34.8,35.2,41.9,26.1,1256423
48,Texas,Texas,0,48,,,,,,,115.3,30132482,10808696,2.73,30132482,25257891,4240860,7413598,5288885,2124713,608626,1516087,2581790,2707095,358819,249807,993338,522749,10808696,3395098,25214,1676166,8911,1684807,30132482,25670826,4461656,30132482,15027288,15105194,30132482,20421976,3988794,1527783,252983,2834753,1106193,30132482,11805106,12058385,10808696,7697099,1467351,490280,84802,777323,291841,10808696,3269412,5303374,35.5,30132482,2418117,2492480,2345336,2713438,4909822,3799299,3068835,3686678,3093201,1166431,438845,30132482,25118432,1798690,3215360,4034073,716305,298223,2.8,10808696,2696705,3232143,1763522,1558420,850645,402471,304790,11957499,10808696,1148803,388111,19012,117505,35660,252609,2513,333393,11957499,206637,564872,1401600,951674,433445,263667,6597295,4045460,2551835,2.3,1.17969E+12,1.16639E+12,80688,107912,39151,8483686,7519944,335031,427164,1668427,1666489,1591358,1553814,277661,963742,191904,48374,119718,116163,113139,272762,101682,20476044,3322901,4918655,4878852,1397591,3746132,1367049,313792,218139,228823,1232491,1669874,1605467,1377605,815231,484107,38.4,34.2,36.7,35.4,28,5089161
49,Utah,Utah,0,49,,,,,,,41.1,3376252,1089194,3.05,3376252,2933394,389869,815085,654154,160931,52124,108807,346127,308027,33137,18987,73138,35669,1089194,274109,2455,139126,916,131612,3376252,3066668,309584,3376252,1709189,1667063,3376252,2725480,52233,131280,45046,280660,141553,3376252,478464,2540644,1089194,927270,15323,37212,12882,70068,26439,1089194,115279,882077,30.9,3376252,343993,332103,299456,354259,608111,372597,274475,335656,293798,115767,46037,3376252,3088643,106565,181044,329037,48017,26220,3.1,1089194,200750,319990,167368,158918,106311,82206,53651,1210343,1089194,121149,23170,1748,14107,3643,59123,305,19053,1210343,12554,32309,103697,87247,43283,17624,755280,551387,203893,2.5,1.2082E+11,1.19766E+11,88454,109958,35785,1086155,928689,36779,55433,214417,217759,200311,174901,29089,157466,33975,5169,12792,12873,11370,68036,13251,2121725,164801,447571,561299,217005,430991,159822,34003,30949,33849,151561,203190,147740,138230,84913,55602,32.2,27.9,32.6,31.2,26.4,456739
50,Vermont,Vermont,0,50,,,,,,,68.1,627862,264944,2.27,627862,454663,147170,155398,118262,37136,11722,25414,40536,77726,7497,4225,16071,9343,264944,109546,1076,49006,297,59167,627862,247651,380211,627862,312316,315546,627862,578770,11137,13763,3643,3565,16984,627862,11828,571404,264944,250931,2960,3688,1510,954,4901,264944,3315,248621,44.4,627862,33355,38111,42509,59061,76125,69144,72873,102379,85734,33609,14962,627862,593208,21231,13423,69769,13032,5592,2.5,264944,78919,100365,37577,30126,11882,3814,2261,346772,264944,81828,6562,785,4744,806,61824,40,7067,346772,5687,8570,21427,19460,10704,6087,182859,112997,69862,2.2,28696956874,28157158631,84665,106276,45706,164352,127657,5968,7201,24807,24870,28783,31022,5006,36695,4826,632,2806,3334,4019,15873,5205,447503,36284,123906,80333,41074,101796,51079,11996,8358,2768,18027,25969,31705,39211,25037,12681,46,26.6,32.6,44.6,24.8,82356
51,Virginia,Virginia,0,51,,,,,,,220.5,8707605,3355588,2.52,8707605,6948855,1509170,2208010,1626354,581656,162424,419232,707309,919045,90689,71735,250484,168748,3355588,1147578,9441,514828,3731,619578,8707605,6670596,2037009,8707605,4306513,4401092,8707605,5447528,1843949,644853,39002,333184,399089,8707605,842162,5034837,3355588,2265178,699306,203705,13805,82136,91458,3355588,212969,2149300,39.2,8707605,578976,612839,593535,768751,1345363,1092786,967123,1197967,1013979,380210,156076,8707605,7584966,563018,559621,1243602,299953,133900,2.7,3355588,892582,1104913,556807,453492,208092,86436,53266,3738066,3355588,382478,97804,6578,52541,11585,104504,667,108799,3738066,66209,120439,208201,210306,164855,72701,2126293,1516661,609632,2.3,4.41108E+11,4.34952E+11,100367,129621,50658,2381883,1959923,63559,108858,398735,412190,402338,464847,109396,421960,85793,16279,48381,45601,43471,122465,59970,6047327,691416,1424990,1208737,476652,1351585,736934,157874,105316,56999,318823,439485,502958,437635,290422,161688,43.1,37.4,37.5,38.3,28,1057141
53,Washington,Washington,0,53,,,,,,,119.1,7912498,3148694,2.46,7912498,6290461,1464867,2027149,1551082,476067,157667,318400,643245,907837,93881,63786,190684,127716,3148694,1121545,9502,549147,3541,559355,7912498,6682698,1229800,7912498,3974730,3937768,7912498,5547260,352414,815453,135989,508926,552456,7912498,1001707,5109770,3148694,2419122,137102,277374,45577,134118,135401,3148694,254457,2302950,38.8,7912498,541484,566995,572392,690553,1220247,964647,847789,1097184,905159,343231,162817,7912498,6750589,580269,581640,1020269,205439,92446,2.7,3148694,822687,1093056,490568,406924,185869,88140,61450,3454965,3148694,306271,82634,5385,36818,9123,109290,1366,61655,3454965,52619,83805,270100,277287,209053,50225,1937690,1347346,590344,2.4,3.75309E+11,3.70712E+11,91139,117735,47432,1884941,1580377,56844,88813,341656,333392,332585,364848,62239,304564,69037,16224,42710,38428,31948,72853,33364,5767660,489207,1212346,1345448,573516,1223937,489047,123473,84100,53028,318358,415394,399943,417526,275017,147883,43.7,34,38.6,37.1,26.4,1037410
54,West Virginia,West Virginia,0,54,,,,,,,73.6,1769232,742475,2.32,1769232,1365597,355999,464901,330794,134107,41462,92645,125183,205611,23923,17539,56939,35706,742475,277574,2876,133358,618,140722,1769232,872478,896754,1769232,882279,886953,1769232,1603552,85232,22063,5529,8576,44280,1769232,27491,1587590,742475,685840,33068,7740,2493,2011,11323,742475,7622,680769,45,1769232,101735,107746,111172,142785,226453,195567,184413,284565,267714,107414,39668,1769232,1735837,15101,18294,162684,38229,27247,2.6,742475,225739,251962,117624,86952,38837,14057,7304,884676,742475,142201,22395,1672,12098,5889,45589,117,54441,884676,28487,75042,64630,13164,5007,35832,516159,254298,261861,2.2,62878051392,61744625835,64251,83161,35539,449221,397035,18762,21624,85685,89901,76632,84242,20189,52186,6212,1617,6148,7178,7395,18786,4850,1271158,180108,499126,265891,91679,163034,75050,18485,12421,14527,63292,81973,86360,99372,75754,43623,46.4,37.6,37.1,46.7,25.8,343273
55,Wisconsin,Wisconsin,0,55,,,,,,,109,5900846,2436269,2.36,5900846,4545133,1202806,1507447,1120098,387349,130732,256617,421431,698667,77617,53115,168355,88262,2436269,928822,8658,449262,2317,468585,5900846,4158749,1742097,5900846,2957765,2943081,5900846,4840591,409293,202826,75296,193035,179805,5900846,421119,4627106,2436269,2116898,144128,57854,26124,52636,38629,2436269,112067,2059446,40.3,5900846,394971,424391,428577,512631,834696,670763,644129,825616,714663,308750,141659,5900846,5592547,139224,169075,590961,95802,50557,2.6,2436269,715527,882087,348104,275263,132713,49450,33125,2854148,2436269,417879,68464,4306,35297,7139,251181,313,51179,2854148,41699,135907,362226,180063,55785,38650,1579027,1010948,568079,2.3,2.51888E+11,2.48525E+11,82335,102011,42686,1569320,1281014,62327,81432,255191,258394,265272,305845,52553,288306,33429,17743,48470,48278,32625,79825,27936,4142048,336185,1189543,883217,468959,826461,311330,71193,53388,36791,225153,279372,298928,335007,213036,119160,44.3,31.1,29.5,35.7,26.2,809855
56,Wyoming,Wyoming,0,56,,,,,,,6,583095,239758,2.37,583095,449729,119150,147391,114251,33140,12261,20879,47861,66390,7927,4334,14184,6695,239758,92367,1029,51263,220,39855,583095,378429,204666,583095,300399,282696,583095,507543,7935,8256,16480,23540,19341,583095,67495,468710,239758,216804,2804,2673,4958,7487,5032,239758,20543,204362,39.4,583095,42425,40876,40001,52705,88205,61691,61729,86930,71086,26811,10636,583095,561525,7107,14463,28180,8404,8126,2.6,239758,72311,81997,35300,28099,13256,5484,3311,282388,239758,42630,9824,537,3732,854,17564,383,9736,282388,4027,13758,28402,13706,6340,8610,158907,93728,65179,2.5,26441255507,25986480834,87358,108386,45346,165785,149692,7294,7335,32286,29978,29148,38039,5612,16093,4293,638,1993,2099,2015,3423,1632,396833,30789,118920,107353,43139,70389,26009,5892,4597,5966,25728,27682,25254,32297,19349,11115,41.8,30.7,35.2,33.5,29.1,81323
